views,rows,channels,time,bytes
512,512,512,1.8559246063232422,1544549888
1024,512,512,1.8237943649291992,2471232768
1536,512,512,1.9677441120147705,3544964352
2048,512,512,2.1324503421783447,4618695936
2560,512,512,2.310565948486328,5692427520
3072,512,512,2.4844300746917725,6766159104
3584,512,512,2.6168086528778076,7839890688
4096,512,512,2.8362629413604736,8913622272
4608,512,512,3.0010547637939453,9987353856
5120,512,512,3.0947048664093018,11061085440
5632,512,512,3.349863290786743,12134817024
6144,512,512,3.560358762741089,13208548608
6656,512,512,3.6896045207977295,14282280192
7168,512,512,3.742316246032715,15356011776
7680,512,512,4.079805135726929,16429743360
8192,512,512,4.150417327880859,17503474944
8704,512,512,4.284050941467285,18577206528
9216,512,512,4.499724864959717,19650938112
9728,512,512,4.747656583786011,20724669696
10240,512,512,4.871397495269775,21798401280
10752,512,512,4.931695222854614,22872132864
11264,512,512,5.216681718826294,23945864448
11776,512,512,5.3550124168396,25019596800
12288,512,512,10.23655891418457,13208425728
12800,512,512,10.244042873382568,13745286400
13312,512,512,10.712526321411133,14282147072
13824,512,512,11.28891372680664,14819007744
14336,512,512,12.063422441482544,15355868416
14848,512,512,11.989563941955566,15892729088
15360,512,512,13.484811067581177,16429590528
15872,512,512,13.727377891540527,16966450432
16384,512,512,13.478093147277832,17503311104
16896,512,512,13.972453355789185,18040171776
17408,512,512,14.510743618011475,18577032960
17920,512,512,14.973395824432373,19113893120
18432,512,512,16.122480869293213,19650753792
18944,512,512,15.616004705429077,20187614464
19456,512,512,16.055195569992065,20724475136
19968,512,512,16.817293167114258,21261335808
20480,512,512,16.949111223220825,21798196480
20992,512,512,17.563852071762085,22335057152
21504,512,512,19.195069789886475,22871917824
22016,512,512,19.372170448303223,23408778496
22528,512,512,20.36229419708252,23945639168
23040,512,512,20.475207328796387,24482499840
23552,512,512,20.67627453804016,25019360512
24064,512,512,21.306852340698242,25556221184
24576,512,512,20.935502290725708,26093081856
25088,512,512,23.75299835205078,26629942528
25600,512,512,22.349047660827637,27166803200
26112,512,512,23.721863508224487,27703663872
26624,512,512,22.89393901824951,28240524544
27136,512,512,23.764315605163574,28777385216
27648,512,512,23.54988956451416,29314245888
28160,512,512,25.131529569625854,29851106560
28672,512,512,24.55480933189392,30387967232
29184,512,512,25.88607954978943,30924828672
29696,512,512,26.673089265823364,31461688576
30208,512,512,26.15131664276123,31998549248
30720,512,512,28.197420120239258,32535409920
31232,512,512,27.902305603027344,33072270592
31744,512,512,27.22866463661194,33609139456
32256,512,512,27.742698431015015,34146011136
32768,512,512,31.01907968521118,34682881280
33280,512,512,28.717161893844604,35219752192
33792,512,512,29.95126223564148,35756623104
34304,512,512,29.76616644859314,36293494016
34816,512,512,29.751661777496338,36830364928
35328,512,512,30.182376384735107,37367235840
35840,512,512,30.72268557548523,37904106752
36352,512,512,30.80641770362854,38440977664
36864,512,512,31.37875485420227,38977848576
37376,512,512,34.04170513153076,39514719488
37888,512,512,36.494874238967896,40051590400
38400,512,512,32.70912742614746,40588461312
38912,512,512,33.60899496078491,41125332224
39424,512,512,34.22282910346985,41662203904
39936,512,512,33.95014047622681,42199074048
40448,512,512,37.174203872680664,42735944960
40960,512,512,35.56380748748779,43272815872
41472,512,512,37.725072622299194,43809686784
41984,512,512,37.63018822669983,44346557696
42496,512,512,39.10574674606323,44883428608
43008,512,512,37.88111853599548,45420300288
43520,512,512,40.282278299331665,45957170432
44032,512,512,40.32844424247742,46494041344
44544,512,512,39.93170642852783,47030912256
45056,512,512,41.02539658546448,47567783168
45568,512,512,41.30079650878906,48104654848
46080,512,512,40.99531102180481,48641963776
46592,512,512,42.74251365661621,49178851072
47104,512,512,41.96074867248535,49715738368
47616,512,512,41.629451274871826,50252625664
48128,512,512,46.485814571380615,50789512960
48640,512,512,44.671687602996826,51326400256
49152,512,512,42.359999895095825,51863287552
49664,512,512,45.03015995025635,52400174848
50176,512,512,43.429903984069824,52937062144
50688,512,512,44.32490682601929,53473949440
51200,512,512,47.325236797332764,54010836736
51712,512,512,47.560922622680664,54547724032
52224,512,512,46.669986724853516,55084611328
52736,512,512,49.49895453453064,55621461248
53248,512,512,50.426544427871704,56158332928
53760,512,512,49.89398908615112,56695203072
54272,512,512,51.58853816986084,57232073984
54784,512,512,51.08087348937988,57768944896
55296,512,512,50.96156454086304,58305815808
55808,512,512,51.120967388153076,58842687488
56320,512,512,52.29222750663757,59379557632
56832,512,512,53.10756230354309,59916428544
57344,512,512,54.1312301158905,60453299456
57856,512,512,54.775957345962524,60990170368
58368,512,512,52.08396863937378,61527041280
58880,512,512,54.53472828865051,62063912192
59392,512,512,56.60405445098877,62600783104
59904,512,512,55.775590896606445,63137654016
60416,512,512,54.85883808135986,63674524928
60928,512,512,58.301706075668335,64211395840
61440,512,512,54.42434120178223,64748266752
61952,512,512,58.48355460166931,65285137664
62464,512,512,59.808021068573,65822008576
62976,512,512,60.38132190704346,66358879488
63488,512,512,58.026758909225464,66895750400
64000,512,512,56.74240159988403,67432621312
64512,512,512,61.33469367027283,67969492224
65024,512,512,63.939801931381226,68506363136
512,512,512,1.946035623550415,1397497088
512,1024,512,2.138859272003174,3032498176
512,1536,512,2.4582834243774414,4531968000
512,2048,512,2.5826220512390137,6031431680
512,2560,512,2.7605865001678467,7530895360
512,3072,512,2.98545241355896,9030361088
512,3584,512,3.1615209579467773,10529826816
512,4096,512,3.432429790496826,12029292544
512,4608,512,3.6211447715759277,13528758272
512,5120,512,3.811825752258301,15028224000
512,5632,512,4.085295677185059,16527689728
512,6144,512,4.298793077468872,18027155456
512,6656,512,4.439939022064209,19526621184
512,7168,512,4.682298898696899,21026086912
512,7680,512,4.971541166305542,22525552640
512,8192,512,5.162369728088379,24025018368
512,8704,512,5.25340723991394,25524484096
512,9216,512,9.279849529266357,17360273408
512,9728,512,9.380667448043823,18322868224
512,10240,512,9.8619544506073,19285463040
512,10752,512,9.841168642044067,20259592192
512,11264,512,9.68309998512268,21210652672
512,11776,512,10.186554908752441,22173247488
512,12288,512,10.525390386581421,23135842304
512,12800,512,11.195091247558594,24098437120
512,13312,512,11.385150909423828,25061031936
512,13824,512,12.234950065612793,26023626752
512,14336,512,12.182039499282837,26986221568
512,14848,512,13.028191089630127,27948816384
512,15360,512,13.69296908378601,28911411200
512,15872,512,13.291151762008667,29874006016
512,16384,512,13.682631015777588,30836600832
512,16896,512,13.042141914367676,31799195648
512,17408,512,14.389444351196289,32761790464
512,17920,512,13.894114971160889,33724385280
512,18432,512,15.263473272323608,34686980096
512,18944,512,14.902621269226074,35649574912
512,19456,512,15.89505648612976,36612169728
512,19968,512,16.590131521224976,37574764544
512,20480,512,16.402921438217163,38537359360
512,20992,512,17.005937337875366,39499954176
512,21504,512,17.18582057952881,40462548992
512,22016,512,17.371893882751465,41425143808
512,22528,512,18.163846731185913,42387738624
512,23040,512,18.30095362663269,43350333440
512,23552,512,19.334839820861816,44312928256
512,24064,512,19.273736715316772,45275523072
512,24576,512,19.74770474433899,46238117888
512,25088,512,26.381479024887085,47200712704
512,25600,512,25.494145154953003,48163307520
512,26112,512,26.16385579109192,49125902336
512,26624,512,27.035216569900513,50088497152
512,27136,512,28.98218536376953,51065772032
512,27648,512,21.5494601726532,52013686784
512,28160,512,28.626110553741455,52976281600
512,28672,512,22.406479597091675,53938876416
512,29184,512,28.558254957199097,54901471232
512,29696,512,29.561625480651855,55864066048
512,30208,512,29.568761825561523,56826660864
512,30720,512,30.52369713783264,57789255680
512,31232,512,32.38462495803833,58751850496
512,31744,512,31.19907832145691,59714445312
512,32256,512,31.345754861831665,60677040128
512,32768,512,32.365387201309204,61639634944
512,33280,512,32.65370202064514,62602229760
512,33792,512,34.21144461631775,63564824576
512,34304,512,33.04548621177673,64527419392
512,34816,512,34.12963938713074,65490014208
512,35328,512,34.97974514961243,66452609024
512,35840,512,35.17070174217224,67415203840
512,36352,512,35.1042697429657,68377798656
512,36864,512,36.12975788116455,69340393472
512,37376,512,35.86125183105469,70302988288
512,37888,512,39.63135361671448,71265583104
512,38400,512,36.78706693649292,72228177920
512,38912,512,38.1693012714386,73190772736
512,39424,512,41.13265538215637,74153367552
512,39936,512,39.00738000869751,75115962368
512,40448,512,42.73868250846863,76078557184
512,40960,512,39.93054461479187,77141815296
512,41472,512,0,0
512,512,512,1.8278803825378418,1611658752
512,512,1024,1.870514154434204,3032502272
512,512,1536,1.9352221488952637,4531974144
512,512,2048,2.0212583541870117,6031441920
512,512,2560,2.082003355026245,7530911744
512,512,3072,2.4099955558776855,9030381568
512,512,3584,2.2592172622680664,10529851392
512,512,4096,2.6574478149414062,12029321216
512,512,4608,2.5848135948181152,13528791040
512,512,5120,2.887532949447632,15028260864
512,512,5632,2.8853771686553955,16527730688
512,512,6144,2.716405153274536,18027200512
512,512,6656,3.1646673679351807,19526670336
512,512,7168,3.230111837387085,21026140160
512,512,7680,3.298675060272217,22525609984
512,512,8192,3.4574310779571533,24025079808
512,512,8704,3.3771698474884033,25524549632
512,512,9216,3.4645378589630127,27024019456
512,512,9728,3.929729461669922,28523489280
512,512,10240,7.147241115570068,19285540864
512,512,10752,7.1123268604278564,20248139776
512,512,11264,6.5535359382629395,21210738688
